train/total_loss_step,train/quant_loss_step,train/rec_loss_step,train/pix_rec_loss_step,train/geo_rec_loss_step,train/mask_rec_loss_step,train/perceptual_loss_step,train/d_weight_step,train/disc_factor_step,train/g_loss_step,train/normal_loss_step,train/disc_loss_step,train/logits_real_step,train/logits_fake_step,epoch,created_at,val/rec_loss,val/aeloss,val/total_loss,val/quant_loss,val/pix_rec_loss,val/geo_rec_loss,val/mask_rec_loss,val/perceptual_loss,val/d_weight,val/disc_factor,val/g_loss,val/normal_loss,val/disc_loss,val/logits_real,val/logits_fake,train/total_loss_epoch,train/quant_loss_epoch,train/rec_loss_epoch,train/pix_rec_loss_epoch,train/geo_rec_loss_epoch,train/mask_rec_loss_epoch,train/perceptual_loss_epoch,train/d_weight_epoch,train/disc_factor_epoch,train/g_loss_epoch,train/normal_loss_epoch,train/disc_loss_epoch,train/logits_real_epoch,train/logits_fake_epoch
4.425993919372559,4.145874500274658,0.2801191806793213,0.2801191806793213,0.0,0.0,0.0,0.05729539692401886,0.0,-0.5788363218307495,0.09181569516658783,0.0,1.2284730672836304,0.39858853816986084,0,2024-08-14 15:58:04.135159,,,,,,,,,,,,,,,,,,,,,,,,,,,,,
2.6038224697113037,2.358395576477051,0.2454269826412201,0.2454269826412201,0.0,0.0,0.0,0.0612717904150486,0.0,-0.8157267570495605,0.09307216107845306,0.0,1.2458860874176025,0.6761489510536194,0,2024-08-14 16:00:15.896658,,,,,,,,,,,,,,,,,,,,,,,,,,,,,
0.8539815545082092,0.634222686290741,0.21975886821746826,0.21975886821746826,0.0,0.0,0.0,0.16312198340892792,0.0,-0.7512250542640686,0.08901523053646088,0.0,1.2477582693099976,0.7241950035095215,0,2024-08-14 16:02:27.410774,,,,,,,,,,,,,,,,,,,,,,,,,,,,,
0.5473509430885315,0.3395256996154785,0.20782524347305298,0.20782524347305298,0.0,0.0,0.0,0.24561454355716705,0.0,-0.7540942430496216,0.09121157228946686,0.0,1.2234666347503662,0.6281548142433167,0,2024-08-14 16:04:38.365544,,,,,,,,,,,,,,,,,,,,,,,,,,,,,
0.2811187505722046,0.09511762857437134,0.18600113689899445,0.18600113689899445,0.0,0.0,0.0,0.23044179379940033,0.0,-1.0398077964782715,0.08283036947250366,0.0,1.221217393875122,1.0355777740478516,0,2024-08-14 16:06:49.086400,,,,,,,,,,,,,,,,,,,,,,,,,,,,,
0.28114742040634155,0.11749871075153351,0.16364872455596924,0.16364872455596924,0.0,0.0,0.0,0.1413888931274414,0.0,-0.9910778403282166,0.07923214882612228,0.0,1.1881444454193115,1.0080909729003906,0,2024-08-14 16:09:01.266628,,,,,,,,,,,,,,,,,,,,,,,,,,,,,
0.1938478648662567,0.033503226935863495,0.16034463047981262,0.16034463047981262,0.0,0.0,0.0,0.17090320587158203,0.0,-1.039232611656189,0.07668578624725342,0.0,1.2194774150848389,1.0697262287139893,0,2024-08-14 16:11:11.946560,,,,,,,,,,,,,,,,,,,,,,,,,,,,,
0.1940038800239563,0.041107989847660065,0.15289589762687683,0.15289589762687683,0.0,0.0,0.0,0.34637680649757385,0.0,-1.060581088066101,0.07592117786407471,0.0,1.2349835634231567,0.9748276472091675,0,2024-08-14 16:13:23.001727,,,,,,,,,,,,,,,,,,,,,,,,,,,,,
0.17392119765281677,0.019822169095277786,0.15409903228282928,0.15409903228282928,0.0,0.0,0.0,0.13312289118766785,0.0,-1.0759000778198242,0.07566629350185394,0.0,1.2223392724990845,1.0338717699050903,0,2024-08-14 16:15:33.991468,,,,,,,,,,,,,,,,,,,,,,,,,,,,,
0.16873396933078766,0.030706193298101425,0.13802777230739594,0.13802777230739594,0.0,0.0,0.0,0.17975294589996338,0.0,-1.1003133058547974,0.07359325140714645,0.0,1.2174354791641235,1.0547237396240234,0,2024-08-14 16:17:44.979568,,,,,,,,,,,,,,,,,,,,,,,,,,,,,
0.15467888116836548,0.011476151645183563,0.14320272207260132,0.14320272207260132,0.0,0.0,0.0,0.4540466070175171,0.0,-1.111737847328186,0.06802156567573547,0.0,1.2421598434448242,1.1029376983642578,0,2024-08-14 16:19:58.100160,,,,,,,,,,,,,,,,,,,,,,,,,,,,,
0.15747514367103577,0.01707935519516468,0.14039579033851624,0.14039579033851624,0.0,0.0,0.0,0.4795120060443878,0.0,-1.087998867034912,0.06542325019836426,0.0,1.2426680326461792,1.1094260215759277,0,2024-08-14 16:22:09.412183,,,,,,,,,,,,,,,,,,,,,,,,,,,,,
0.12278534471988678,0.014239296317100525,0.10854604840278625,0.10854604840278625,0.0,0.0,0.0,0.28625598549842834,0.0,-1.0979182720184326,0.05999290943145752,0.0,1.2222708463668823,1.1324095726013184,0,2024-08-14 16:24:21.509467,,,,,,,,,,,,,,,,,,,,,,,,,,,,,
0.1290903389453888,0.021383218467235565,0.10770712047815323,0.10770712047815323,0.0,0.0,0.0,0.3227863311767578,0.0,-1.186462640762329,0.05978446453809738,0.0,1.2329083681106567,1.1849130392074585,0,2024-08-14 16:26:32.088952,,,,,,,,,,,,,,,,,,,,,,,,,,,,,
0.12102795392274857,0.018429376184940338,0.10259857773780823,0.10259857773780823,0.0,0.0,0.0,0.2403755933046341,0.0,-1.204042911529541,0.05510955676436424,0.0,1.2269784212112427,1.2106813192367554,0,2024-08-14 16:28:42.925908,,,,,,,,,,,,,,,,,,,,,,,,,,,,,
0.09471128135919571,0.008667274378240108,0.08604400604963303,0.08604400604963303,0.0,0.0,0.0,0.16165411472320557,0.0,-1.2349283695220947,0.05045655369758606,0.0,1.212308645248413,1.1505382061004639,0,2024-08-14 16:30:53.566183,,,,,,,,,,,,,,,,,,,,,,,,,,,,,
0.1062760055065155,0.008266187272965908,0.09800981730222702,0.09800981730222702,0.0,0.0,0.0,0.3695823550224304,0.0,-1.2104239463806152,0.0500376932322979,0.0,1.2191637754440308,1.212472915649414,0,2024-08-14 16:33:04.481139,,,,,,,,,,,,,,,,,,,,,,,,,,,,,
0.09354738146066666,0.009461069479584694,0.08408631384372711,0.08408631384372711,0.0,0.0,0.0,0.20488865673542023,0.0,-1.2466700077056885,0.045778628438711166,0.0,1.2320835590362549,1.2153000831604004,0,2024-08-14 16:35:15.255795,,,,,,,,,,,,,,,,,,,,,,,,,,,,,
0.09127506613731384,0.008052929304540157,0.08322213590145111,0.08322213590145111,0.0,0.0,0.0,0.2201519012451172,0.0,-1.2397841215133667,0.04570071026682854,0.0,1.2537424564361572,1.2869303226470947,0,2024-08-14 16:37:25.884912,,,,,,,,,,,,,,,,,,,,,,,,,,,,,
0.08916781097650528,0.008912318386137486,0.08025549352169037,0.08025549352169037,0.0,0.0,0.0,0.18210867047309875,0.0,-1.256832480430603,0.045303426682949066,0.0,1.2374128103256226,1.2587165832519531,0,2024-08-14 16:39:36.631666,,,,,,,,,,,,,,,,,,,,,,,,,,,,,
0.08455102890729904,0.00790136493742466,0.07664966583251953,0.07664966583251953,0.0,0.0,0.0,0.35139989852905273,0.0,-1.303404450416565,0.04353110119700432,0.0,1.2774230241775513,1.2831344604492188,0,2024-08-14 16:41:50.223644,,,,,,,,,,,,,,,,,,,,,,,,,,,,,
0.08401323854923248,0.00749982800334692,0.07651340961456299,0.07651340961456299,0.0,0.0,0.0,0.24335286021232605,0.0,-1.281929850578308,0.04351937770843506,0.0,1.2525739669799805,1.2555720806121826,0,2024-08-14 16:44:01.342520,,,,,,,,,,,,,,,,,,,,,,,,,,,,,
0.0877285897731781,0.007235068827867508,0.0804935172200203,0.0804935172200203,0.0,0.0,0.0,0.24276821315288544,0.0,-1.2868636846542358,0.044371597468853,0.0,1.2402676343917847,1.230514407157898,0,2024-08-14 16:46:12.421935,,,,,,,,,,,,,,,,,,,,,,,,,,,,,
,,,,,,,,,,,,,,0,2024-08-14 16:49:40.850442,0.08343690633773804,0.09438947588205338,0.09438947588205338,0.0109525416046381,0.08343690633773804,0.0,0.0,0.0,0.0,0.0,-1.1950260400772095,0.047249212861061096,0.0,1.4358761310577393,1.1950260400772095,,,,,,,,,,,,,,
,,,,,,,,,,,,,,0,2024-08-14 16:49:41.819384,,,,,,,,,,,,,,,,0.44072532653808594,0.29755860567092896,0.14305110275745392,0.14305110275745392,0.0,0.0,0.0,0.2540891766548157,0.0016912425635382533,-1.040934443473816,0.06627700477838516,0.0027045023161917925,1.2316341400146484,1.0424271821975708
0.09067900478839874,0.006900297477841377,0.08377870917320251,0.08377870917320251,0.0,0.0,0.0,0.4040693938732147,0.0,-1.1922167539596558,0.04581579566001892,0.0,1.1959645748138428,1.1829265356063843,1,2024-08-14 16:50:34.521056,,,,,,,,,,,,,,,,,,,,,,,,,,,,,
0.08620694279670715,0.006680949591100216,0.07952599227428436,0.07952599227428436,0.0,0.0,0.0,0.5091976523399353,0.0,-1.2618612051010132,0.04447425156831741,0.0,1.2416279315948486,1.2290763854980469,1,2024-08-14 16:52:45.104810,,,,,,,,,,,,,,,,,,,,,,,,,,,,,
0.08492337167263031,0.005371037404984236,0.07955233752727509,0.07955233752727509,0.0,0.0,0.0,0.43528857827186584,0.0,-1.2309074401855469,0.04246225953102112,0.0,1.2356793880462646,1.259569764137268,1,2024-08-14 16:54:57.375199,,,,,,,,,,,,,,,,,,,,,,,,,,,,,
0.07788105309009552,0.0057836296036839485,0.07209742069244385,0.07209742069244385,0.0,0.0,0.0,0.20106832683086395,0.0,-1.252679705619812,0.04227091372013092,0.0,1.2673027515411377,1.2971031665802002,1,2024-08-14 16:57:08.396747,,,,,,,,,,,,,,,,,,,,,,,,,,,,,
0.08086438477039337,0.005932562053203583,0.07493182271718979,0.07493182271718979,0.0,0.0,0.0,0.2853904962539673,0.0,-1.213372826576233,0.042231522500514984,0.0,1.2348346710205078,1.2733204364776611,1,2024-08-14 16:59:19.618483,,,,,,,,,,,,,,,,,,,,,,,,,,,,,
0.08060292899608612,0.006072702817618847,0.074530228972435,0.074530228972435,0.0,0.0,0.0,0.3692418336868286,0.0,-1.2404837608337402,0.042916517704725266,0.0,1.2137821912765503,1.2461450099945068,1,2024-08-14 17:01:30.613739,,,,,,,,,,,,,,,,,,,,,,,,,,,,,
0.07041177153587341,0.004511314444243908,0.06590045988559723,0.06590045988559723,0.0,0.0,0.0,0.3246476650238037,0.0,-1.2411847114562988,0.039260320365428925,0.0,1.233634114265442,1.2343690395355225,1,2024-08-14 17:03:41.515252,,,,,,,,,,,,,,,,,,,,,,,,,,,,,
0.07553939521312714,0.0051779430359601974,0.07036145031452179,0.07036145031452179,0.0,0.0,0.0,0.1372162252664566,0.0,-1.2287702560424805,0.04314892739057541,0.0,1.2169077396392822,1.2242531776428223,1,2024-08-14 17:05:52.196659,,,,,,,,,,,,,,,,,,,,,,,,,,,,,
0.07065640389919281,0.004622887820005417,0.0660335123538971,0.0660335123538971,0.0,0.0,0.0,0.3405113220214844,0.0,-1.223331332206726,0.040051013231277466,0.0,1.216225504875183,1.2271370887756348,1,2024-08-14 17:08:03.050220,,,,,,,,,,,,,,,,,,,,,,,,,,,,,
0.06909891217947006,0.003844443242996931,0.06525447219610214,0.06525447219610214,0.0,0.0,0.0,0.23396773636341095,0.0,-1.2463264465332031,0.03956671804189682,0.0,1.2357405424118042,1.2621183395385742,1,2024-08-14 17:10:13.432983,,,,,,,,,,,,,,,,,,,,,,,,,,,,,
0.07215309888124466,0.0045258477330207825,0.06762725114822388,0.06762725114822388,0.0,0.0,0.0,0.2539220452308655,0.0,-1.2364164590835571,0.03977913782000542,0.0,1.2432163953781128,1.2827447652816772,1,2024-08-14 17:12:24.567845,,,,,,,,,,,,,,,,,,,,,,,,,,,,,
0.07311588525772095,0.004003392532467842,0.06911249458789825,0.06911249458789825,0.0,0.0,0.0,0.3163863718509674,0.0,-1.2355836629867554,0.04025808721780777,0.0,1.2058922052383423,1.2074637413024902,1,2024-08-14 17:14:35.336828,,,,,,,,,,,,,,,,,,,,,,,,,,,,,
0.06550262123346329,0.0036476387176662683,0.06185498088598251,0.06185498088598251,0.0,0.0,0.0,0.19083285331726074,0.0,-1.2707738876342773,0.03788734972476959,0.0,1.254617691040039,1.243722915649414,1,2024-08-14 17:16:46.241546,,,,,,,,,,,,,,,,,,,,,,,,,,,,,
0.0735333189368248,0.0031577288173139095,0.07037559151649475,0.07037559151649475,0.0,0.0,0.0,0.5515211224555969,0.0,-1.2201040983200073,0.03903002291917801,0.0,1.2279797792434692,1.23513925075531,1,2024-08-14 17:18:57.004469,,,,,,,,,,,,,,,,,,,,,,,,,,,,,
0.07210741192102432,0.0036362307146191597,0.06847117841243744,0.06847117841243744,0.0,0.0,0.0,0.24439294636249542,0.0,-1.2644658088684082,0.04177001118659973,0.0,1.2438560724258423,1.2467546463012695,1,2024-08-14 17:21:07.526569,,,,,,,,,,,,,,,,,,,,,,,,,,,,,
0.07509643584489822,0.0035733100958168507,0.07152312248945236,0.07152312248945236,0.0,0.0,0.0,0.49932974576950073,0.0,-1.208173155784607,0.03974026441574097,0.0,1.200688123703003,1.2182965278625488,1,2024-08-14 17:23:18.231769,,,,,,,,,,,,,,,,,,,,,,,,,,,,,
0.07402964681386948,0.0038148751482367516,0.07021477073431015,0.07021477073431015,0.0,0.0,0.0,0.5628410577774048,0.0,-1.2428566217422485,0.03915196284651756,0.0,1.242270827293396,1.2433947324752808,1,2024-08-14 17:25:28.645563,,,,,,,,,,,,,,,,,,,,,,,,,,,,,
0.06469354778528214,0.004752057604491711,0.05994148924946785,0.05994148924946785,0.0,0.0,0.0,0.31402766704559326,0.0,-1.2430527210235596,0.038088731467723846,0.0,1.2305471897125244,1.23402738571167,1,2024-08-14 17:27:43.534912,,,,,,,,,,,,,,,,,,,,,,,,,,,,,
0.06355469673871994,0.004311270080506802,0.05924342945218086,0.05924342945218086,0.0,0.0,0.0,0.20908287167549133,0.0,-1.2238364219665527,0.03709650784730911,0.0,1.2335326671600342,1.2538210153579712,1,2024-08-14 17:29:54.311344,,,,,,,,,,,,,,,,,,,,,,,,,,,,,
0.06134786084294319,0.0037970789708197117,0.05755078047513962,0.05755078047513962,0.0,0.0,0.0,0.4345015287399292,0.0,-1.267799735069275,0.03565959632396698,0.0,1.253556251525879,1.2693359851837158,1,2024-08-14 17:32:05.156133,,,,,,,,,,,,,,,,,,,,,,,,,,,,,
0.06267382204532623,0.004101375117897987,0.058572448790073395,0.058572448790073395,0.0,0.0,0.0,0.5061633586883545,0.0,-1.2394448518753052,0.035942964255809784,0.0,1.2247278690338135,1.224967360496521,1,2024-08-14 17:34:16.504104,,,,,,,,,,,,,,,,,,,,,,,,,,,,,
0.06562798470258713,0.004237174987792969,0.06139080971479416,0.06139080971479416,0.0,0.0,0.0,0.3958218991756439,0.0,-1.2720706462860107,0.03705953061580658,0.0,1.2413761615753174,1.2256135940551758,1,2024-08-14 17:36:27.439757,,,,,,,,,,,,,,,,,,,,,,,,,,,,,
0.05852699652314186,0.0035474118776619434,0.054979585111141205,0.054979585111141205,0.0,0.0,0.0,0.34181326627731323,0.0,-1.2955689430236816,0.033267393708229065,0.0,1.278364896774292,1.2881461381912231,1,2024-08-14 17:38:38.481977,,,,,,,,,,,,,,,,,,,,,,,,,,,,,
0.06093161180615425,0.00415382394567132,0.05677778646349907,0.05677778646349907,0.0,0.0,0.0,0.24377106130123138,0.0,-1.2036653757095337,0.037840813398361206,0.0,1.2106671333312988,1.226183295249939,1,2024-08-14 17:40:49.325382,,,,,,,,,,,,,,,,,,,,,,,,,,,,,
,,,,,,,,,,,,,,1,2024-08-14 17:43:21.985566,0.061588797718286514,0.06592477113008499,0.06592477113008499,0.004335956647992134,0.061588797718286514,0.0,0.0,0.0,0.0,0.0,-1.4538991451263428,0.037097036838531494,0.0,1.5112919807434082,1.4538991451263428,,,,,,,,,,,,,,
,,,,,,,,,,,,,,1,2024-08-14 17:43:22.717296,,,,,,,,,,,,,,,,0.07115618139505386,0.004635851830244064,0.06652040034532547,0.06652040034532547,0.0,0.0,0.0,0.335574209690094,0.0,-1.2452585697174072,0.03959479555487633,0.0,1.2339391708374023,1.245209813117981
0.06098099425435066,0.003909612540155649,0.05707138031721115,0.05707138031721115,0.0,0.0,0.0,0.26114732027053833,0.0,-1.2338687181472778,0.036731570959091187,0.0,1.2401858568191528,1.257470726966858,2,2024-08-14 17:44:59.273901,,,,,,,,,,,,,,,,,,,,,,,,,,,,,
0.05509129911661148,0.004598443396389484,0.05049285665154457,0.05049285665154457,0.0,0.0,0.0,0.2789333462715149,0.0,-1.278172254562378,0.03395280987024307,0.0,1.2581946849822998,1.2582759857177734,2,2024-08-14 17:47:09.728707,,,,,,,,,,,,,,,,,,,,,,,,,,,,,
0.05523078888654709,0.003735535079613328,0.051495254039764404,0.051495254039764404,0.0,0.0,0.0,0.39570751786231995,0.0,-1.242921233177185,0.0337638184428215,0.0,1.2186511754989624,1.2208837270736694,2,2024-08-14 17:49:20.245869,,,,,,,,,,,,,,,,,,,,,,,,,,,,,
0.052490077912807465,0.0038591125048696995,0.0486309640109539,0.0486309640109539,0.0,0.0,0.0,0.19741109013557434,0.0,-1.252381682395935,0.032210297882556915,0.0,1.2395055294036865,1.2460522651672363,2,2024-08-14 17:51:31.986917,,,,,,,,,,,,,,,,,,,,,,,,,,,,,
0.05652780458331108,0.0039007579907774925,0.052627045661211014,0.052627045661211014,0.0,0.0,0.0,0.37190574407577515,0.0,-1.242224097251892,0.032491423189640045,0.0,1.230953574180603,1.2276146411895752,2,2024-08-14 17:53:42.661364,,,,,,,,,,,,,,,,,,,,,,,,,,,,,
0.06232792139053345,0.003891558153554797,0.05843636393547058,0.05843636393547058,0.0,0.0,0.0,0.44804471731185913,0.0,-1.242200255393982,0.035109441727399826,0.0,1.2340985536575317,1.2582015991210938,2,2024-08-14 17:55:53.523531,,,,,,,,,,,,,,,,,,,,,,,,,,,,,
0.05083448067307472,0.0038143524434417486,0.04702012985944748,0.04702012985944748,0.0,0.0,0.0,0.24695011973381042,0.0,-1.233746886253357,0.031278640031814575,0.0,1.2364619970321655,1.258306622505188,2,2024-08-14 17:58:03.978303,,,,,,,,,,,,,,,,,,,,,,,,,,,,,
0.05922996625304222,0.004165749065577984,0.05506421625614166,0.05506421625614166,0.0,0.0,0.0,0.5408586859703064,0.0,-1.250441312789917,0.032960280776023865,0.0,1.2489091157913208,1.2683173418045044,2,2024-08-14 18:00:14.791844,,,,,,,,,,,,,,,,,,,,,,,,,,,,,
0.050827957689762115,0.0036913850344717503,0.0471365712583065,0.0471365712583065,0.0,0.0,0.0,0.34622302651405334,0.0,-1.2516096830368042,0.03064887598156929,0.0,1.2384566068649292,1.2482752799987793,2,2024-08-14 18:02:25.462275,,,,,,,,,,,,,,,,,,,,,,,,,,,,,
0.05365109443664551,0.004071354866027832,0.049579739570617676,0.049579739570617676,0.0,0.0,0.0,0.2582836449146271,0.0,-1.2501535415649414,0.03298233076930046,0.0,1.2456647157669067,1.2713372707366943,2,2024-08-14 18:04:36.144321,,,,,,,,,,,,,,,,,,,,,,,,,,,,,
0.0479220487177372,0.003451709635555744,0.04447034001350403,0.04447034001350403,0.0,0.0,0.0,0.37444162368774414,0.0,-1.2486313581466675,0.02961871027946472,0.0,1.2430161237716675,1.254582405090332,2,2024-08-14 18:06:47.092847,,,,,,,,,,,,,,,,,,,,,,,,,,,,,
0.053614743053913116,0.0039959317073225975,0.049618810415267944,0.049618810415267944,0.0,0.0,0.0,0.2104804366827011,0.0,-1.2512156963348389,0.03249208256602287,0.0,1.228470802307129,1.2291841506958008,2,2024-08-14 18:08:57.566660,,,,,,,,,,,,,,,,,,,,,,,,,,,,,
0.052976105362176895,0.004097064025700092,0.04887904226779938,0.04887904226779938,0.0,0.0,0.0,0.46133914589881897,0.0,-1.2557634115219116,0.032081231474876404,0.0,1.2480131387710571,1.2709746360778809,2,2024-08-14 18:11:08.483892,,,,,,,,,,,,,,,,,,,,,,,,,,,,,
0.05690145492553711,0.004174548666924238,0.052726905792951584,0.052726905792951584,0.0,0.0,0.0,0.26512637734413147,0.0,-1.2178767919540405,0.034613750874996185,0.0,1.2238690853118896,1.2412956953048706,2,2024-08-14 18:13:22.976973,,,,,,,,,,,,,,,,,,,,,,,,,,,,,
0.051264550536870956,0.0037180271465331316,0.04754652455449104,0.04754652455449104,0.0,0.0,0.0,0.5240585207939148,0.0,-1.2492308616638184,0.028618209064006805,0.0,1.2420655488967896,1.251293420791626,2,2024-08-14 18:15:33.883072,,,,,,,,,,,,,,,,,,,,,,,,,,,,,
0.049445029348134995,0.0038791480474174023,0.045565880835056305,0.045565880835056305,0.0,0.0,0.0,0.3033064007759094,0.0,-1.2616939544677734,0.029699131846427917,0.0,1.2461658716201782,1.2483412027359009,2,2024-08-14 18:17:44.514675,,,,,,,,,,,,,,,,,,,,,,,,,,,,,
0.05170673504471779,0.003700781147927046,0.048005953431129456,0.048005953431129456,0.0,0.0,0.0,0.4345480501651764,0.0,-1.245227575302124,0.03181011229753494,0.0,1.2294713258743286,1.2361817359924316,2,2024-08-14 18:19:55.135750,,,,,,,,,,,,,,,,,,,,,,,,,,,,,
0.053249187767505646,0.004087807144969702,0.049161382019519806,0.049161382019519806,0.0,0.0,0.0,0.44728153944015503,0.0,-1.2525197267532349,0.03317083418369293,0.0,1.2361154556274414,1.2521991729736328,2,2024-08-14 18:22:05.973728,,,,,,,,,,,,,,,,,,,,,,,,,,,,,
0.04641455039381981,0.0038114069029688835,0.04260314255952835,0.04260314255952835,0.0,0.0,0.0,0.24291911721229553,0.0,-1.2514272928237915,0.028470700606703758,0.0,1.2235373258590698,1.2165718078613281,2,2024-08-14 18:24:17.910897,,,,,,,,,,,,,,,,,,,,,,,,,,,,,
0.052596379071474075,0.004072505049407482,0.04852387309074402,0.04852387309074402,0.0,0.0,0.0,0.23336976766586304,0.0,-1.2680301666259766,0.03238246589899063,0.0,1.260402798652649,1.264313817024231,2,2024-08-14 18:26:28.756672,,,,,,,,,,,,,,,,,,,,,,,,,,,,,
0.04693480581045151,0.0036199199967086315,0.04331488534808159,0.04331488534808159,0.0,0.0,0.0,0.21688653528690338,0.0,-1.2653594017028809,0.030398748815059662,0.0,1.259296178817749,1.2711162567138672,2,2024-08-14 18:28:39.477388,,,,,,,,,,,,,,,,,,,,,,,,,,,,,
0.053862880915403366,0.004020158667117357,0.049842722713947296,0.049842722713947296,0.0,0.0,0.0,0.49566978216171265,0.0,-1.2468533515930176,0.03161829337477684,0.0,1.230556607246399,1.2354248762130737,2,2024-08-14 18:30:49.857054,,,,,,,,,,,,,,,,,,,,,,,,,,,,,
0.04682028293609619,0.0039055044762790203,0.042914777994155884,0.042914777994155884,0.0,0.0,0.0,0.23911966383457184,0.0,-1.2405083179473877,0.028173398226499557,0.0,1.2323273420333862,1.2431608438491821,2,2024-08-14 18:33:00.644747,,,,,,,,,,,,,,,,,,,,,,,,,,,,,
,,,,,,,,,,,,,,2,2024-08-14 18:36:59.666300,0.05028558149933815,0.0546492338180542,0.0546492338180542,0.004363672807812691,0.05028558149933815,0.0,0.0,0.0,0.0,0.0,-1.2274342775344849,0.032803501933813095,0.0,1.3634816408157349,1.2274342775344849,,,,,,,,,,,,,,
,,,,,,,,,,,,,,2,2024-08-14 18:37:00.696758,,,,,,,,,,,,,,,,0.05323360860347748,0.003923661075532436,0.049309927970170975,0.049309927970170975,0.0,0.0,0.0,0.34476983547210693,0.0,-1.243983507156372,0.03189903125166893,0.0,1.2340220212936401,1.2439337968826294
0.05329417809844017,0.004082925152033567,0.049211252480745316,0.049211252480745316,0.0,0.0,0.0,0.31022265553474426,0.0,-1.2519588470458984,0.03259456902742386,0.0,1.2457715272903442,1.268233299255371,3,2024-08-14 18:37:10.495653,,,,,,,,,,,,,,,,,,,,,,,,,,,,,
0.05171361565589905,0.0035602524876594543,0.048153363168239594,0.048153363168239594,0.0,0.0,0.0,0.3821493685245514,0.0,-1.2458105087280273,0.03100871667265892,0.0,1.2432820796966553,1.2464659214019775,3,2024-08-14 18:39:22.115572,,,,,,,,,,,,,,,,,,,,,,,,,,,,,
0.04930650070309639,0.0036325608380138874,0.04567394033074379,0.04567394033074379,0.0,0.0,0.0,0.41772300004959106,0.0,-1.2671666145324707,0.02921588532626629,0.0,1.2579410076141357,1.2668654918670654,3,2024-08-14 18:41:32.957285,,,,,,,,,,,,,,,,,,,,,,,,,,,,,
0.04927912354469299,0.004096797201782465,0.045182324945926666,0.045182324945926666,0.0,0.0,0.0,0.38454362750053406,0.0,-1.2442234754562378,0.030003061518073082,0.0,1.2363831996917725,1.2491835355758667,3,2024-08-14 18:43:43.805343,,,,,,,,,,,,,,,,,,,,,,,,,,,,,
0.05193597450852394,0.0034873285330832005,0.04844864457845688,0.04844864457845688,0.0,0.0,0.0,0.30563271045684814,0.0,-1.2849223613739014,0.03022611513733864,0.0,1.2623486518859863,1.2659165859222412,3,2024-08-14 18:45:55.858997,,,,,,,,,,,,,,,,,,,,,,,,,,,,,
0.050166670233011246,0.003767963033169508,0.04639870673418045,0.04639870673418045,0.0,0.0,0.0,0.3513396680355072,0.0,-1.2138110399246216,0.03087480179965496,0.0,1.1991723775863647,1.2054425477981567,3,2024-08-14 18:48:06.654910,,,,,,,,,,,,,,,,,,,,,,,,,,,,,
0.05089747533202171,0.0037669308949261904,0.04713054373860359,0.04713054373860359,0.0,0.0,0.0,0.5432357788085938,0.0,-1.2613457441329956,0.029013004153966904,0.0,1.231307864189148,1.2434229850769043,3,2024-08-14 18:50:17.618087,,,,,,,,,,,,,,,,,,,,,,,,,,,,,
0.04759105294942856,0.0034776281099766493,0.04411342367529869,0.04411342367529869,0.0,0.0,0.0,0.3087846338748932,0.0,-1.2246936559677124,0.029812421649694443,0.0,1.2138842344284058,1.2148339748382568,3,2024-08-14 18:52:28.638876,,,,,,,,,,,,,,,,,,,,,,,,,,,,,
0.05406590551137924,0.0037571319844573736,0.050308775156736374,0.050308775156736374,0.0,0.0,0.0,0.5709848999977112,0.0,-1.2393786907196045,0.032425954937934875,0.0,1.2209827899932861,1.220694661140442,3,2024-08-14 18:54:39.318438,,,,,,,,,,,,,,,,,,,,,,,,,,,,,
0.04905587062239647,0.0036158643197268248,0.045440007001161575,0.045440007001161575,0.0,0.0,0.0,0.3557952046394348,0.0,-1.2086749076843262,0.03110075555741787,0.0,1.2061327695846558,1.2218953371047974,3,2024-08-14 18:56:50.264674,,,,,,,,,,,,,,,,,,,,,,,,,,,,,
0.04885667562484741,0.003973693121224642,0.04488298296928406,0.04488298296928406,0.0,0.0,0.0,0.2682097852230072,0.0,-1.219907522201538,0.03157117962837219,0.0,1.211775302886963,1.2196319103240967,3,2024-08-14 18:59:04.444816,,,,,,,,,,,,,,,,,,,,,,,,,,,,,
0.05106745660305023,0.0035592210479080677,0.04750823602080345,0.04750823602080345,0.0,0.0,0.0,0.47686776518821716,0.0,-1.1768757104873657,0.028954505920410156,0.0,1.1716358661651611,1.1778737306594849,3,2024-08-14 19:01:15.333631,,,,,,,,,,,,,,,,,,,,,,,,,,,,,
0.04670627787709236,0.003642693627625704,0.043063584715127945,0.043063584715127945,0.0,0.0,0.0,0.3417015075683594,0.0,-1.2307413816452026,0.02767455205321312,0.0,1.2174556255340576,1.2150218486785889,3,2024-08-14 19:03:26.463199,,,,,,,,,,,,,,,,,,,,,,,,,,,,,
0.04193880409002304,0.0036568823270499706,0.03828192129731178,0.03828192129731178,0.0,0.0,0.0,0.20241619646549225,0.0,-1.224804401397705,0.026886995881795883,0.0,1.212728500366211,1.2380073070526123,3,2024-08-14 19:05:37.159910,,,,,,,,,,,,,,,,,,,,,,,,,,,,,
0.04960736632347107,0.0037369458004832268,0.04587041959166527,0.04587041959166527,0.0,0.0,0.0,0.46072372794151306,0.0,-1.24514901638031,0.028536424040794373,0.0,1.2566425800323486,1.2685974836349487,3,2024-08-14 19:07:48.105310,,,,,,,,,,,,,,,,,,,,,,,,,,,,,
0.05026265233755112,0.003927581012248993,0.046335071325302124,0.046335071325302124,0.0,0.0,0.0,0.3627415895462036,0.0,-1.2064934968948364,0.031007831916213036,0.0,1.2019985914230347,1.2279132604599,3,2024-08-14 19:09:58.849567,,,,,,,,,,,,,,,,,,,,,,,,,,,,,
0.046962201595306396,0.003845726605504751,0.04311647638678551,0.04311647638678551,0.0,0.0,0.0,0.3200635015964508,0.0,-1.2285125255584717,0.029380690306425095,0.0,1.2189078330993652,1.2257685661315918,3,2024-08-14 19:12:09.358151,,,,,,,,,,,,,,,,,,,,,,,,,,,,,
0.04413003474473953,0.003899679286405444,0.04023035615682602,0.04023035615682602,0.0,0.0,0.0,0.3053855001926422,0.0,-1.2349750995635986,0.02731749415397644,0.0,1.21817946434021,1.2243993282318115,3,2024-08-14 19:14:19.929593,,,,,,,,,,,,,,,,,,,,,,,,,,,,,
0.05214913934469223,0.00374385598115623,0.04840528219938278,0.04840528219938278,0.0,0.0,0.0,0.49500608444213867,0.0,-1.2417848110198975,0.029959212988615036,0.0,1.2297163009643555,1.2377047538757324,3,2024-08-14 19:16:30.726846,,,,,,,,,,,,,,,,,,,,,,,,,,,,,
0.04535367339849472,0.003742379602044821,0.04161129519343376,0.04161129519343376,0.0,0.0,0.0,0.23804771900177002,0.0,-1.2135415077209473,0.029941104352474213,0.0,1.2052377462387085,1.2118630409240723,3,2024-08-14 19:18:41.481502,,,,,,,,,,,,,,,,,,,,,,,,,,,,,
0.04559703543782234,0.0037394289392977953,0.041857607662677765,0.041857607662677765,0.0,0.0,0.0,0.2761927843093872,0.0,-1.2355879545211792,0.028379447758197784,0.0,1.2147618532180786,1.206825613975525,3,2024-08-14 19:20:53.494874,,,,,,,,,,,,,,,,,,,,,,,,,,,,,
0.04791446030139923,0.0038481249939650297,0.04406633600592613,0.04406633600592613,0.0,0.0,0.0,0.2503850758075714,0.0,-1.2282414436340332,0.030863529071211815,0.0,1.2169698476791382,1.206774353981018,3,2024-08-14 19:23:04.582944,,,,,,,,,,,,,,,,,,,,,,,,,,,,,
0.04273458942770958,0.0036175106652081013,0.039117079228162766,0.039117079228162766,0.0,0.0,0.0,0.3164485692977905,0.0,-1.2664018869400024,0.027088014408946037,0.0,1.2548472881317139,1.264736294746399,3,2024-08-14 19:25:15.263433,,,,,,,,,,,,,,,,,,,,,,,,,,,,,
0.045948177576065063,0.003709569573402405,0.04223860800266266,0.04223860800266266,0.0,0.0,0.0,0.2277548462152481,0.0,-1.2620245218276978,0.029766812920570374,0.0,1.241982102394104,1.242357611656189,3,2024-08-14 19:27:26.068599,,,,,,,,,,,,,,,,,,,,,,,,,,,,,
,,,,,,,,,,,,,,3,2024-08-14 19:30:40.818854,0.0467478483915329,0.05090127885341644,0.05090127885341644,0.004153423011302948,0.0467478483915329,0.0,0.0,0.0,0.0,0.0,-1.3683933019638062,0.030870771035552025,0.0,1.3320786952972412,1.3683933019638062,,,,,,,,,,,,,,
,,,,,,,,,,,,,,3,2024-08-14 19:30:41.912168,,,,,,,,,,,,,,,,0.047333281487226486,0.0037359653506428003,0.04359736293554306,0.04359736293554306,0.0,0.0,0.0,0.3417775332927704,0.0,-1.242682695388794,0.029323242604732513,0.0,1.2339848279953003,1.2426507472991943
0.0504269041121006,0.0039029568433761597,0.04652394726872444,0.04652394726872444,0.0,0.0,0.0,0.43251708149909973,0.0,-1.2147526741027832,0.03044452890753746,0.0,1.2080446481704712,1.2203761339187622,4,2024-08-14 19:31:36.728680,,,,,,,,,,,,,,,,,,,,,,,,,,,,,
0.04657915234565735,0.0036722072400152683,0.04290694370865822,0.04290694370865822,0.0,0.0,0.0,0.28837740421295166,0.0,-1.271316409111023,0.02994413673877716,0.0,1.25948166847229,1.2762829065322876,4,2024-08-14 19:33:47.878313,,,,,,,,,,,,,,,,,,,,,,,,,,,,,
0.04368315637111664,0.0037596886977553368,0.03992346674203873,0.03992346674203873,0.0,0.0,0.0,0.3065052926540375,0.0,-1.2089184522628784,0.028061330318450928,0.0,1.1968621015548706,1.2055633068084717,4,2024-08-14 19:35:59.065258,,,,,,,,,,,,,,,,,,,,,,,,,,,,,
0.05030299350619316,0.0035528517328202724,0.04675014317035675,0.04675014317035675,0.0,0.0,0.0,0.47275879979133606,0.0,-1.2552794218063354,0.0314619317650795,0.0,1.2318494319915771,1.2363826036453247,4,2024-08-14 19:38:09.884428,,,,,,,,,,,,,,,,,,,,,,,,,,,,,
0.04763707518577576,0.0036247228272259235,0.04401235282421112,0.04401235282421112,0.0,0.0,0.0,0.4905017614364624,0.0,-1.231977939605713,0.029332876205444336,0.0,1.224844217300415,1.2355512380599976,4,2024-08-14 19:40:20.676464,,,,,,,,,,,,,,,,,,,,,,,,,,,,,
0.04495380073785782,0.0036080465652048588,0.0413457527756691,0.0413457527756691,0.0,0.0,0.0,0.3710445761680603,0.0,-1.2593415975570679,0.028656883165240288,0.0,1.2519813776016235,1.2591019868850708,4,2024-08-14 19:42:31.973085,,,,,,,,,,,,,,,,,,,,,,,,,,,,,
0.04522733762860298,0.00361807132139802,0.0416092649102211,0.0416092649102211,0.0,0.0,0.0,0.44282665848731995,0.0,-1.2471201419830322,0.026470672339200974,0.0,1.2356014251708984,1.2345199584960938,4,2024-08-14 19:44:47.076994,,,,,,,,,,,,,,,,,,,,,,,,,,,,,
0.04745620861649513,0.003944563213735819,0.04351164400577545,0.04351164400577545,0.0,0.0,0.0,0.33486407995224,0.0,-1.2717682123184204,0.030581427738070488,0.0,1.2630608081817627,1.2653956413269043,4,2024-08-14 19:46:58.097710,,,,,,,,,,,,,,,,,,,,,,,,,,,,,
0.04996124655008316,0.0035398814361542463,0.046421363949775696,0.046421363949775696,0.0,0.0,0.0,0.444008469581604,0.0,-1.2186264991760254,0.030151216313242912,0.0,1.2090022563934326,1.2115005254745483,4,2024-08-14 19:49:09.010434,,,,,,,,,,,,,,,,,,,,,,,,,,,,,
0.044312138110399246,0.0035920669324696064,0.04072007164359093,0.04072007164359093,0.0,0.0,0.0,0.33749920129776,0.0,-1.2491849660873413,0.028547566384077072,0.0,1.238560676574707,1.2464137077331543,4,2024-08-14 19:51:20.351947,,,,,,,,,,,,,,,,,,,,,,,,,,,,,
0.042526356875896454,0.0037352805957198143,0.038791075348854065,0.038791075348854065,0.0,0.0,0.0,0.23102529346942902,0.0,-1.2600735425949097,0.026711856946349144,0.0,1.2499984502792358,1.249306321144104,4,2024-08-14 19:53:31.427605,,,,,,,,,,,,,,,,,,,,,,,,,,,,,
0.04239088296890259,0.0038087451830506325,0.03858213871717453,0.03858213871717453,0.0,0.0,0.0,0.2477899044752121,0.0,-1.2579827308654785,0.02735791727900505,0.0,1.247219443321228,1.265406847000122,4,2024-08-14 19:55:42.493309,,,,,,,,,,,,,,,,,,,,,,,,,,,,,
0.04664018750190735,0.0036411418113857508,0.04299904406070709,0.04299904406070709,0.0,0.0,0.0,0.35532283782958984,0.0,-1.2340445518493652,0.030492624267935753,0.0,1.2203274965286255,1.2315516471862793,4,2024-08-14 19:57:53.622832,,,,,,,,,,,,,,,,,,,,,,,,,,,,,
0.0434684157371521,0.00360728707164526,0.039861127734184265,0.039861127734184265,0.0,0.0,0.0,0.2911596894264221,0.0,-1.2149603366851807,0.02829207107424736,0.0,1.2118338346481323,1.2146638631820679,4,2024-08-14 20:00:04.762108,,,,,,,,,,,,,,,,,,,,,,,,,,,,,
0.0397639162838459,0.003492580493912101,0.036271337419748306,0.036271337419748306,0.0,0.0,0.0,0.3735256791114807,0.0,-1.2765134572982788,0.025099098682403564,0.0,1.2588551044464111,1.2548828125,4,2024-08-14 20:02:15.577118,,,,,,,,,,,,,,,,,,,,,,,,,,,,,
0.0422053262591362,0.0035825795494019985,0.03862274810671806,0.03862274810671806,0.0,0.0,0.0,0.2802617847919464,0.0,-1.2331534624099731,0.027939168736338615,0.0,1.227447748184204,1.2381302118301392,4,2024-08-14 20:04:26.343732,,,,,,,,,,,,,,,,,,,,,,,,,,,,,
0.03958118334412575,0.0033863261342048645,0.03619485720992088,0.03619485720992088,0.0,0.0,0.0,0.31292828917503357,0.0,-1.2544602155685425,0.02607477828860283,0.0,1.2514110803604126,1.2561746835708618,4,2024-08-14 20:06:37.233221,,,,,,,,,,,,,,,,,,,,,,,,,,,,,
0.04124829173088074,0.0036392267793416977,0.03760906681418419,0.03760906681418419,0.0,0.0,0.0,0.3420458436012268,0.0,-1.270385980606079,0.02483561635017395,0.0,1.2662383317947388,1.2847224473953247,4,2024-08-14 20:08:48.459632,,,,,,,,,,,,,,,,,,,,,,,,,,,,,
0.04292795807123184,0.0034685819409787655,0.03945937752723694,0.03945937752723694,0.0,0.0,0.0,0.19334302842617035,0.0,-1.260738492012024,0.027905797585844994,0.0,1.2517529726028442,1.2631126642227173,4,2024-08-14 20:10:59.391456,,,,,,,,,,,,,,,,,,,,,,,,,,,,,
0.04391465708613396,0.0033959681168198586,0.04051868990063667,0.04051868990063667,0.0,0.0,0.0,0.2337367981672287,0.0,-1.2423934936523438,0.028721794486045837,0.0,1.237544298171997,1.2557438611984253,4,2024-08-14 20:13:11.748337,,,,,,,,,,,,,,,,,,,,,,,,,,,,,
0.046996816992759705,0.0035686586052179337,0.04342815652489662,0.04342815652489662,0.0,0.0,0.0,0.4385412633419037,0.0,-1.2492071390151978,0.02918342500925064,0.0,1.2404767274856567,1.25104820728302,4,2024-08-14 20:15:22.809034,,,,,,,,,,,,,,,,,,,,,,,,,,,,,
0.04149933159351349,0.0036152603570371866,0.037884071469306946,0.037884071469306946,0.0,0.0,0.0,0.4220452904701233,0.0,-1.2861014604568481,0.026103071868419647,0.0,1.2614105939865112,1.2595632076263428,4,2024-08-14 20:17:33.715485,,,,,,,,,,,,,,,,,,,,,,,,,,,,,
0.0393337681889534,0.0033590442035347223,0.03597472235560417,0.03597472235560417,0.0,0.0,0.0,0.3369296193122864,0.0,-1.2700222730636597,0.025040600448846817,0.0,1.2671576738357544,1.2773231267929077,4,2024-08-14 20:19:44.716099,,,,,,,,,,,,,,,,,,,,,,,,,,,,,
0.03988027572631836,0.0034292195923626423,0.036451056599617004,0.036451056599617004,0.0,0.0,0.0,0.44072386622428894,0.0,-1.2654335498809814,0.0253458209335804,0.0,1.2542474269866943,1.256141185760498,4,2024-08-14 20:21:55.548533,,,,,,,,,,,,,,,,,,,,,,,,,,,,,
,,,,,,,,,,,,,,4,2024-08-14 20:24:26.137544,0.04446345940232277,0.04831922426819801,0.04831922426819801,0.003855770453810692,0.04446345940232277,0.0,0.0,0.0,0.0,0.0,-1.4643423557281494,0.03004506416618824,0.0,1.5760326385498047,1.4643423557281494,,,,,,,,,,,,,,
,,,,,,,,,,,,,,4,2024-08-14 20:24:27.142266,,,,,,,,,,,,,,,,0.04389011114835739,0.00361426780000329,0.04027589038014412,0.04027589038014412,0.0,0.0,0.0,0.33397406339645386,0.0,-1.2419507503509521,0.027816476300358772,0.0,1.2339881658554077,1.2419553995132446
0.04205779358744621,0.0036013300996273756,0.03845646232366562,0.03845646232366562,0.0,0.0,0.0,0.266218900680542,0.0,-1.2170205116271973,0.027455581352114677,0.0,1.2203342914581299,1.2347182035446167,5,2024-08-14 20:26:07.177299,,,,,,,,,,,,,,,,,,,,,,,,,,,,,
0.04725901782512665,0.003481095191091299,0.04377792403101921,0.04377792403101921,0.0,0.0,0.0,0.39800241589546204,0.0,-1.2482324838638306,0.029521390795707703,0.0,1.2433207035064697,1.2537165880203247,5,2024-08-14 20:28:18.245559,,,,,,,,,,,,,,,,,,,,,,,,,,,,,
0.04520275071263313,0.00402506859973073,0.04117768257856369,0.04117768257856369,0.0,0.0,0.0,0.2877562940120697,0.0,-1.227272629737854,0.03034330904483795,0.0,1.2195475101470947,1.2223149538040161,5,2024-08-14 20:30:31.556087,,,,,,,,,,,,,,,,,,,,,,,,,,,,,
0.041053686290979385,0.0035801720805466175,0.037473514676094055,0.037473514676094055,0.0,0.0,0.0,0.20979030430316925,0.0,-1.2376924753189087,0.026602234691381454,0.0,1.2324808835983276,1.243228554725647,5,2024-08-14 20:32:42.763609,,,,,,,,,,,,,,,,,,,,,,,,,,,,,
0.04058510810136795,0.0035588531754910946,0.03702625632286072,0.03702625632286072,0.0,0.0,0.0,0.24057096242904663,0.0,-1.2201440334320068,0.026358140632510185,0.0,1.2157784700393677,1.2272776365280151,5,2024-08-14 20:34:53.602828,,,,,,,,,,,,,,,,,,,,,,,,,,,,,
0.04408128187060356,0.003807271830737591,0.040274009108543396,0.040274009108543396,0.0,0.0,0.0,0.3585129976272583,0.0,-1.2509881258010864,0.028562083840370178,0.0,1.246957778930664,1.2597320079803467,5,2024-08-14 20:37:04.346792,,,,,,,,,,,,,,,,,,,,,,,,,,,,,
0.04027837514877319,0.0035561048425734043,0.03672226890921593,0.03672226890921593,0.0,0.0,0.0,0.43478646874427795,0.0,-1.2433422803878784,0.024740666151046753,0.0,1.2461512088775635,1.2609128952026367,5,2024-08-14 20:39:15.882675,,,,,,,,,,,,,,,,,,,,,,,,,,,,,
0.04205833002924919,0.0035459164064377546,0.03851241245865822,0.03851241245865822,0.0,0.0,0.0,0.25387755036354065,0.0,-1.2199538946151733,0.027633508667349815,0.0,1.2162449359893799,1.217629313468933,5,2024-08-14 20:41:26.471333,,,,,,,,,,,,,,,,,,,,,,,,,,,,,
0.04213356226682663,0.003431497374549508,0.038702063262462616,0.038702063262462616,0.0,0.0,0.0,0.3829997181892395,0.0,-1.2447905540466309,0.026502525433897972,0.0,1.2495262622833252,1.2641754150390625,5,2024-08-14 20:43:38.001493,,,,,,,,,,,,,,,,,,,,,,,,,,,,,
0.04229948669672012,0.0033406750299036503,0.03895881026983261,0.03895881026983261,0.0,0.0,0.0,0.25731950998306274,0.0,-1.2623807191848755,0.029038310050964355,0.0,1.2644270658493042,1.284341812133789,5,2024-08-14 20:45:48.838338,,,,,,,,,,,,,,,,,,,,,,,,,,,,,
0.041694384068250656,0.003732909681275487,0.03796147555112839,0.03796147555112839,0.0,0.0,0.0,0.24143363535404205,0.0,-1.2262986898422241,0.02721249870955944,0.0,1.2139718532562256,1.226266860961914,5,2024-08-14 20:48:00.135778,,,,,,,,,,,,,,,,,,,,,,,,,,,,,
0.041740380227565765,0.003609059378504753,0.03813131898641586,0.03813131898641586,0.0,0.0,0.0,0.45853590965270996,0.0,-1.2549480199813843,0.027000460773706436,0.0,1.238698124885559,1.2485346794128418,5,2024-08-14 20:50:11.006552,,,,,,,,,,,,,,,,,,,,,,,,,,,,,
0.042986564338207245,0.0037029373925179243,0.0392836257815361,0.0392836257815361,0.0,0.0,0.0,0.20748445391654968,0.0,-1.2177398204803467,0.029341628775000572,0.0,1.211531162261963,1.223811388015747,5,2024-08-14 20:52:21.681375,,,,,,,,,,,,,,,,,,,,,,,,,,,,,
0.03966804966330528,0.0033793593756854534,0.03628868982195854,0.03628868982195854,0.0,0.0,0.0,0.22645026445388794,0.0,-1.2675834894180298,0.026571612805128098,0.0,1.2526932954788208,1.2542171478271484,5,2024-08-14 20:54:32.798344,,,,,,,,,,,,,,,,,,,,,,,,,,,,,
0.043520331382751465,0.0038225692696869373,0.039697762578725815,0.039697762578725815,0.0,0.0,0.0,0.23822779953479767,0.0,-1.2379382848739624,0.028175702318549156,0.0,1.2300572395324707,1.2402881383895874,5,2024-08-14 20:56:44.742921,,,,,,,,,,,,,,,,,,,,,,,,,,,,,
0.045597728341817856,0.0036709890700876713,0.04192673787474632,0.04192673787474632,0.0,0.0,0.0,0.25799962878227234,0.0,-1.2185364961624146,0.02841613069176674,0.0,1.20441472530365,1.2017996311187744,5,2024-08-14 20:58:55.655254,,,,,,,,,,,,,,,,,,,,,,,,,,,,,
0.03998463600873947,0.003539034631103277,0.036445602774620056,0.036445602774620056,0.0,0.0,0.0,0.32196155190467834,0.0,-1.2740768194198608,0.026473842561244965,0.0,1.2562355995178223,1.261795997619629,5,2024-08-14 21:01:06.820306,,,,,,,,,,,,,,,,,,,,,,,,,,,,,
0.045047346502542496,0.003835317911580205,0.04121202975511551,0.04121202975511551,0.0,0.0,0.0,0.4428466856479645,0.0,-1.2231779098510742,0.02666563354432583,0.0,1.2183253765106201,1.2216696739196777,5,2024-08-14 21:03:17.283335,,,,,,,,,,,,,,,,,,,,,,,,,,,,,
0.039346180856227875,0.0035438011400401592,0.03580237925052643,0.03580237925052643,0.0,0.0,0.0,0.2337687760591507,0.0,-1.2466799020767212,0.02593882381916046,0.0,1.2341581583023071,1.235042691230774,5,2024-08-14 21:05:28.029813,,,,,,,,,,,,,,,,,,,,,,,,,,,,,
0.042359575629234314,0.0035815099254250526,0.038778066635131836,0.038778066635131836,0.0,0.0,0.0,0.44566020369529724,0.0,-1.1981176137924194,0.027742644771933556,0.0,1.1905840635299683,1.187670350074768,5,2024-08-14 21:07:38.528670,,,,,,,,,,,,,,,,,,,,,,,,,,,,,
0.04154769331216812,0.0036802515387535095,0.03786744177341461,0.03786744177341461,0.0,0.0,0.0,0.2396070808172226,0.0,-1.217154860496521,0.027674730867147446,0.0,1.2156111001968384,1.2174755334854126,5,2024-08-14 21:09:49.668626,,,,,,,,,,,,,,,,,,,,,,,,,,,,,
0.042714837938547134,0.003573615336790681,0.0391412228345871,0.0391412228345871,0.0,0.0,0.0,0.28492018580436707,0.0,-1.2111846208572388,0.026139115914702415,0.0,1.1989202499389648,1.1977882385253906,5,2024-08-14 21:12:00.543500,,,,,,,,,,,,,,,,,,,,,,,,,,,,,
0.039534587413072586,0.0035759168677031994,0.0359586700797081,0.0359586700797081,0.0,0.0,0.0,0.28316742181777954,0.0,-1.2549875974655151,0.02649838477373123,0.0,1.2517869472503662,1.2622690200805664,5,2024-08-14 21:14:14.792613,,,,,,,,,,,,,,,,,,,,,,,,,,,,,
,,,,,,,,,,,,,,5,2024-08-14 21:18:11.436735,0.04025202989578247,0.044281285256147385,0.044281285256147385,0.004029245115816593,0.04025202989578247,0.0,0.0,0.0,0.0,0.0,-1.4871079921722412,0.028376184403896332,0.0,1.5473381280899048,1.4871079921722412,,,,,,,,,,,,,,
,,,,,,,,,,,,,,5,2024-08-14 21:18:12.343102,,,,,,,,,,,,,,,,0.04153713956475258,0.0035711009986698627,0.03796600550413132,0.03796600550413132,0.0,0.0,0.0,0.3294766843318939,0.0,-1.2412737607955933,0.026648251339793205,0.0,1.2340127229690552,1.241223692893982
0.04507613927125931,0.003863782621920109,0.041212357580661774,0.041212357580661774,0.0,0.0,0.0,0.26382681727409363,0.0,-1.2234256267547607,0.0296480730175972,0.0,1.221257209777832,1.2248910665512085,6,2024-08-14 21:18:24.750620,,,,,,,,,,,,,,,,,,,,,,,,,,,,,
0.0396895594894886,0.0035981410183012486,0.03609141707420349,0.03609141707420349,0.0,0.0,0.0,0.2689085602760315,0.0,-1.2057169675827026,0.026522066444158554,0.0,1.1997158527374268,1.2054747343063354,6,2024-08-14 21:20:37.243681,,,,,,,,,,,,,,,,,,,,,,,,,,,,,
0.04284180700778961,0.0037659662775695324,0.03907584026455879,0.03907584026455879,0.0,0.0,0.0,0.2546267509460449,0.0,-1.2196415662765503,0.028032109141349792,0.0,1.215237021446228,1.2272549867630005,6,2024-08-14 21:22:47.797822,,,,,,,,,,,,,,,,,,,,,,,,,,,,,
0.036823518574237823,0.0033621788024902344,0.03346133977174759,0.03346133977174759,0.0,0.0,0.0,0.2926565408706665,0.0,-1.2434130907058716,0.023925242945551872,0.0,1.233163595199585,1.2274365425109863,6,2024-08-14 21:24:58.508220,,,,,,,,,,,,,,,,,,,,,,,,,,,,,
0.03813611716032028,0.003568022046238184,0.034568093717098236,0.034568093717098236,0.0,0.0,0.0,0.2706471383571625,0.0,-1.2331171035766602,0.025063268840312958,0.0,1.2233564853668213,1.2262463569641113,6,2024-08-14 21:27:09.379867,,,,,,,,,,,,,,,,,,,,,,,,,,,,,
0.04146244749426842,0.003705655224621296,0.037756793200969696,0.037756793200969696,0.0,0.0,0.0,0.329098641872406,0.0,-1.2465733289718628,0.028023194521665573,0.0,1.2389767169952393,1.2470229864120483,6,2024-08-14 21:29:20.245729,,,,,,,,,,,,,,,,,,,,,,,,,,,,,
0.041254982352256775,0.003628223668783903,0.037626758217811584,0.037626758217811584,0.0,0.0,0.0,0.2962903380393982,0.0,-1.2231780290603638,0.02641991339623928,0.0,1.2027753591537476,1.1976134777069092,6,2024-08-14 21:31:31.515125,,,,,,,,,,,,,,,,,,,,,,,,,,,,,
0.045081499963998795,0.003996084909886122,0.041085414588451385,0.041085414588451385,0.0,0.0,0.0,0.2942771315574646,0.0,-1.2472611665725708,0.029944395646452904,0.0,1.245584487915039,1.2637158632278442,6,2024-08-14 21:33:42.676198,,,,,,,,,,,,,,,,,,,,,,,,,,,,,
0.04395319148898125,0.003790917107835412,0.04016227275133133,0.04016227275133133,0.0,0.0,0.0,0.4905312955379486,0.0,-1.2547944784164429,0.028141533955931664,0.0,1.2458664178848267,1.24986732006073,6,2024-08-14 21:35:53.528636,,,,,,,,,,,,,,,,,,,,,,,,,,,,,
0.04001768305897713,0.003582100383937359,0.036435581743717194,0.036435581743717194,0.0,0.0,0.0,0.3456771671772003,0.0,-1.244799017906189,0.0267038457095623,0.0,1.2338001728057861,1.239000678062439,6,2024-08-14 21:38:04.606513,,,,,,,,,,,,,,,,,,,,,,,,,,,,,
0.03703317046165466,0.0033511905930936337,0.03368198126554489,0.03368198126554489,0.0,0.0,0.0,0.22098778188228607,0.0,-1.2621731758117676,0.02474403940141201,0.0,1.2534658908843994,1.2587517499923706,6,2024-08-14 21:40:15.975990,,,,,,,,,,,,,,,,,,,,,,,,,,,,,
0.04367496445775032,0.003697776235640049,0.039977189153432846,0.039977189153432846,0.0,0.0,0.0,0.30514323711395264,0.0,-1.2158671617507935,0.028649037703871727,0.0,1.212642788887024,1.2192050218582153,6,2024-08-14 21:42:28.495160,,,,,,,,,,,,,,,,,,,,,,,,,,,,,
0.03704465925693512,0.0035126577131450176,0.033532001078128815,0.033532001078128815,0.0,0.0,0.0,0.36538422107696533,0.0,-1.2529082298278809,0.023990541696548462,0.0,1.2383695840835571,1.2351545095443726,6,2024-08-14 21:44:39.556042,,,,,,,,,,,,,,,,,,,,,,,,,,,,,
0.03995531052350998,0.003710370045155287,0.036244940012693405,0.036244940012693405,0.0,0.0,0.0,0.19216711819171906,0.0,-1.2496198415756226,0.025980830192565918,0.0,1.250923991203308,1.2727633714675903,6,2024-08-14 21:46:51.034119,,,,,,,,,,,,,,,,,,,,,,,,,,,,,
0.03907661512494087,0.003541844431310892,0.03553476929664612,0.03553476929664612,0.0,0.0,0.0,0.3583593964576721,0.0,-1.244956374168396,0.025096029043197632,0.0,1.232149600982666,1.2327511310577393,6,2024-08-14 21:49:02.044872,,,,,,,,,,,,,,,,,,,,,,,,,,,,,
0.04146460071206093,0.003659926587715745,0.03780467435717583,0.03780467435717583,0.0,0.0,0.0,0.30339333415031433,0.0,-1.2014555931091309,0.027695804834365845,0.0,1.197885274887085,1.2011802196502686,6,2024-08-14 21:51:12.989158,,,,,,,,,,,,,,,,,,,,,,,,,,,,,
0.036977335810661316,0.0033670919947326183,0.03361024335026741,0.03361024335026741,0.0,0.0,0.0,0.2824956476688385,0.0,-1.2974549531936646,0.024598553776741028,0.0,1.286467432975769,1.2838492393493652,6,2024-08-14 21:53:24.041604,,,,,,,,,,,,,,,,,,,,,,,,,,,,,
0.04245453327894211,0.0037896139547228813,0.03866491839289665,0.03866491839289665,0.0,0.0,0.0,0.31127381324768066,0.0,-1.279535174369812,0.028165524825453758,0.0,1.2630362510681152,1.2639073133468628,6,2024-08-14 21:55:34.977441,,,,,,,,,,,,,,,,,,,,,,,,,,,,,
0.042387496680021286,0.003936394117772579,0.03845110163092613,0.03845110163092613,0.0,0.0,0.0,0.30301031470298767,0.0,-1.263289213180542,0.027616020292043686,0.0,1.2508018016815186,1.2507867813110352,6,2024-08-14 21:57:46.089061,,,,,,,,,,,,,,,,,,,,,,,,,,,,,
0.04196289926767349,0.003451781813055277,0.038511116057634354,0.038511116057634354,0.0,0.0,0.0,0.3922315537929535,0.0,-1.2436175346374512,0.02678908035159111,0.0,1.2291901111602783,1.239438772201538,6,2024-08-14 21:59:59.904764,,,,,,,,,,,,,,,,,,,,,,,,,,,,,
0.039286255836486816,0.003752421587705612,0.035533834248781204,0.035533834248781204,0.0,0.0,0.0,0.306754469871521,0.0,-1.2204291820526123,0.025499578565359116,0.0,1.2148443460464478,1.2253247499465942,6,2024-08-14 22:02:10.691278,,,,,,,,,,,,,,,,,,,,,,,,,,,,,
0.04072015732526779,0.003688232507556677,0.03703192621469498,0.03703192621469498,0.0,0.0,0.0,0.3241601586341858,0.0,-1.2314530611038208,0.02686777524650097,0.0,1.225632667541504,1.232360601425171,6,2024-08-14 22:04:22.057859,,,,,,,,,,,,,,,,,,,,,,,,,,,,,
0.044005583971738815,0.003752168035134673,0.0402534157037735,0.0402534157037735,0.0,0.0,0.0,0.43904441595077515,0.0,-1.2261688709259033,0.02654682658612728,0.0,1.2388248443603516,1.2458487749099731,6,2024-08-14 22:06:33.375243,,,,,,,,,,,,,,,,,,,,,,,,,,,,,
0.03611632436513901,0.0034011807292699814,0.03271514177322388,0.03271514177322388,0.0,0.0,0.0,0.2537323236465454,0.0,-1.2296338081359863,0.02270449325442314,0.0,1.2238260507583618,1.2383933067321777,6,2024-08-14 22:08:44.472325,,,,,,,,,,,,,,,,,,,,,,,,,,,,,
,,,,,,,,,,,,,,6,2024-08-14 22:11:56.774395,0.041303884238004684,0.045257940888404846,0.045257940888404846,0.003954029642045498,0.041303884238004684,0.0,0.0,0.0,0.0,0.0,-1.193565845489502,0.0273797158151865,0.0,1.3451372385025024,1.193565845489502,,,,,,,,,,,,,,
,,,,,,,,,,,,,,6,2024-08-14 22:11:57.761501,,,,,,,,,,,,,,,,0.03962714225053787,0.0035829944536089897,0.0360441617667675,0.0360441617667675,0.0,0.0,0.0,0.32764309644699097,0.0,-1.2405861616134644,0.025614984333515167,0.0,1.233963966369629,1.2405798435211182
0.03621412068605423,0.0036707413382828236,0.032543379813432693,0.032543379813432693,0.0,0.0,0.0,0.33516308665275574,0.0,-1.220768928527832,0.023844053968787193,0.0,1.2177242040634155,1.2267251014709473,7,2024-08-14 22:12:54.797496,,,,,,,,,,,,,,,,,,,,,,,,,,,,,
0.03814753144979477,0.0035459701903164387,0.03460156172513962,0.03460156172513962,0.0,0.0,0.0,0.2769305109977722,0.0,-1.2662651538848877,0.025143533945083618,0.0,1.255350112915039,1.2600891590118408,7,2024-08-14 22:15:06.652503,,,,,,,,,,,,,,,,,,,,,,,,,,,,,
0.04055014252662659,0.003618053160607815,0.0369320884346962,0.0369320884346962,0.0,0.0,0.0,0.31181463599205017,0.0,-1.2357820272445679,0.027072152122855186,0.0,1.229705810546875,1.235235333442688,7,2024-08-14 22:17:17.172082,,,,,,,,,,,,,,,,,,,,,,,,,,,,,
0.03881968557834625,0.003617355599999428,0.035202328115701675,0.035202328115701675,0.0,0.0,0.0,0.2853181064128876,0.0,-1.2325193881988525,0.026009216904640198,0.0,1.2316075563430786,1.246598482131958,7,2024-08-14 22:19:28.082457,,,,,,,,,,,,,,,,,,,,,,,,,,,,,
0.03799349069595337,0.0035713824909180403,0.03442210704088211,0.03442210704088211,0.0,0.0,0.0,0.41717591881752014,0.0,-1.2382622957229614,0.023362716659903526,0.0,1.2295377254486084,1.2313355207443237,7,2024-08-14 22:21:38.852782,,,,,,,,,,,,,,,,,,,,,,,,,,,,,
0.0426548570394516,0.0034039909951388836,0.03925086557865143,0.03925086557865143,0.0,0.0,0.0,0.46046939492225647,0.0,-1.214933156967163,0.02549392357468605,0.0,1.2107152938842773,1.2206538915634155,7,2024-08-14 22:23:49.642384,,,,,,,,,,,,,,,,,,,,,,,,,,,,,
0.040037572383880615,0.0034050082322210073,0.036632563918828964,0.036632563918828964,0.0,0.0,0.0,0.4413486421108246,0.0,-1.2323888540267944,0.02505221962928772,0.0,1.2298429012298584,1.2294716835021973,7,2024-08-14 22:26:00.243417,,,,,,,,,,,,,,,,,,,,,,,,,,,,,
0.0357394777238369,0.0036460133269429207,0.03209346532821655,0.03209346532821655,0.0,0.0,0.0,0.2393902987241745,0.0,-1.20130455493927,0.023734979331493378,0.0,1.1964484453201294,1.2141313552856445,7,2024-08-14 22:28:11.532116,,,,,,,,,,,,,,,,,,,,,,,,,,,,,
0.04467323422431946,0.0038097333163022995,0.04086349904537201,0.04086349904537201,0.0,0.0,0.0,0.47354161739349365,0.0,-1.250433325767517,0.026262057945132256,0.0,1.2389546632766724,1.2401243448257446,7,2024-08-14 22:30:22.442989,,,,,,,,,,,,,,,,,,,,,,,,,,,,,
0.03736516088247299,0.0033823326230049133,0.03398282825946808,0.03398282825946808,0.0,0.0,0.0,0.2655660808086395,0.0,-1.250557541847229,0.024719921872019768,0.0,1.237011432647705,1.2359864711761475,7,2024-08-14 22:32:33.474683,,,,,,,,,,,,,,,,,,,,,,,,,,,,,
0.03664560616016388,0.003577199764549732,0.03306840732693672,0.03306840732693672,0.0,0.0,0.0,0.22778527438640594,0.0,-1.2654716968536377,0.024189263582229614,0.0,1.2504297494888306,1.2541693449020386,7,2024-08-14 22:34:44.937223,,,,,,,,,,,,,,,,,,,,,,,,,,,,,
0.03431124985218048,0.003546150866895914,0.030765097588300705,0.030765097588300705,0.0,0.0,0.0,0.28687772154808044,0.0,-1.2500351667404175,0.02213980257511139,0.0,1.2447905540466309,1.248411774635315,7,2024-08-14 22:36:56.531963,,,,,,,,,,,,,,,,,,,,,,,,,,,,,
0.0376846082508564,0.003463492961600423,0.034221116453409195,0.034221116453409195,0.0,0.0,0.0,0.2526717483997345,0.0,-1.2753863334655762,0.02569045126438141,0.0,1.268856406211853,1.2706516981124878,7,2024-08-14 22:39:07.511562,,,,,,,,,,,,,,,,,,,,,,,,,,,,,
0.03711836785078049,0.0035061247181147337,0.033612243831157684,0.033612243831157684,0.0,0.0,0.0,0.295476496219635,0.0,-1.2600232362747192,0.022525733336806297,0.0,1.259683609008789,1.2598241567611694,7,2024-08-14 22:41:18.666166,,,,,,,,,,,,,,,,,,,,,,,,,,,,,
0.037161730229854584,0.003707184921950102,0.033454544842243195,0.033454544842243195,0.0,0.0,0.0,0.3462267816066742,0.0,-1.2336782217025757,0.023158108815550804,0.0,1.2242580652236938,1.2372928857803345,7,2024-08-14 22:43:29.604763,,,,,,,,,,,,,,,,,,,,,,,,,,,,,
0.04020364210009575,0.003581325989216566,0.036622315645217896,0.036622315645217896,0.0,0.0,0.0,0.24785946309566498,0.0,-1.2430166006088257,0.025752704590559006,0.0,1.231669545173645,1.2343400716781616,7,2024-08-14 22:45:43.418926,,,,,,,,,,,,,,,,,,,,,,,,,,,,,
0.03540268912911415,0.00358877656981349,0.031813912093639374,0.031813912093639374,0.0,0.0,0.0,0.3406142294406891,0.0,-1.2454482316970825,0.023165851831436157,0.0,1.2401803731918335,1.2555161714553833,7,2024-08-14 22:47:55.731792,,,,,,,,,,,,,,,,,,,,,,,,,,,,,
0.03543012961745262,0.003419360611587763,0.032010767608881,0.032010767608881,0.0,0.0,0.0,0.2528078556060791,0.0,-1.2557753324508667,0.023564374074339867,0.0,1.2569012641906738,1.272035002708435,7,2024-08-14 22:50:06.961384,,,,,,,,,,,,,,,,,,,,,,,,,,,,,
0.03803909569978714,0.003408059710636735,0.03463103622198105,0.03463103622198105,0.0,0.0,0.0,0.4588080048561096,0.0,-1.259747862815857,0.022643808275461197,0.0,1.2634098529815674,1.2676129341125488,7,2024-08-14 22:52:17.791792,,,,,,,,,,,,,,,,,,,,,,,,,,,,,
0.03485436365008354,0.0035381282214075327,0.03131623566150665,0.03131623566150665,0.0,0.0,0.0,0.29141607880592346,0.0,-1.207093358039856,0.023860018700361252,0.0,1.2005876302719116,1.212799072265625,7,2024-08-14 22:54:28.488319,,,,,,,,,,,,,,,,,,,,,,,,,,,,,
0.03463150933384895,0.0033338807988911867,0.031297627836465836,0.031297627836465836,0.0,0.0,0.0,0.2786175608634949,0.0,-1.271075963973999,0.022391967475414276,0.0,1.2640818357467651,1.2779699563980103,7,2024-08-14 22:56:39.608323,,,,,,,,,,,,,,,,,,,,,,,,,,,,,
0.03681335598230362,0.003663041163235903,0.033150315284729004,0.033150315284729004,0.0,0.0,0.0,0.3047691285610199,0.0,-1.221225619316101,0.02435942366719246,0.0,1.214038372039795,1.2166361808776855,7,2024-08-14 22:58:50.462123,,,,,,,,,,,,,,,,,,,,,,,,,,,,,
0.038939282298088074,0.003852500580251217,0.03508678078651428,0.03508678078651428,0.0,0.0,0.0,0.2209809124469757,0.0,-1.1957805156707764,0.025753622874617577,0.0,1.1936957836151123,1.2131141424179077,7,2024-08-14 23:01:01.224971,,,,,,,,,,,,,,,,,,,,,,,,,,,,,
0.037216249853372574,0.003447433700785041,0.03376881778240204,0.03376881778240204,0.0,0.0,0.0,0.41042619943618774,0.0,-1.250289797782898,0.024055536836385727,0.0,1.2457605600357056,1.2596535682678223,7,2024-08-14 23:03:12.095916,,,,,,,,,,,,,,,,,,,,,,,,,,,,,
,,,,,,,,,,,,,,7,2024-08-14 23:05:40.069288,0.03659568727016449,0.04054352641105652,0.04054352641105652,0.003947867080569267,0.03659568727016449,0.0,0.0,0.0,0.0,0.0,-1.5115917921066284,0.026837725192308426,0.0,1.4685742855072021,1.5115917921066284,,,,,,,,,,,,,,
,,,,,,,,,,,,,,7,2024-08-14 23:05:41.065680,,,,,,,,,,,,,,,,0.03829478472471237,0.003582510631531477,0.0347122922539711,0.0347122922539711,0.0,0.0,0.0,0.32464662194252014,0.0,-1.2400915622711182,0.024819213896989822,0.0,1.2339307069778442,1.2400929927825928
0.03919273987412453,0.003562044585123658,0.03563069552183151,0.03563069552183151,0.0,0.0,0.0,0.4448094367980957,0.0,-1.2602707147598267,0.02358352020382881,0.0,1.2382134199142456,1.2369295358657837,8,2024-08-14 23:07:24.749146,,,,,,,,,,,,,,,,,,,,,,,,,,,,,
0.04072503745555878,0.0038616424426436424,0.03686339408159256,0.03686339408159256,0.0,0.0,0.0,0.3632611632347107,0.0,-1.206374168395996,0.02648087590932846,0.0,1.2034156322479248,1.211019515991211,8,2024-08-14 23:09:35.461238,,,,,,,,,,,,,,,,,,,,,,,,,,,,,
0.03788203001022339,0.0033071618527173996,0.03457486629486084,0.03457486629486084,0.0,0.0,0.0,0.3608233630657196,0.0,-1.2646669149398804,0.025058498606085777,0.0,1.2498466968536377,1.247310757637024,8,2024-08-14 23:11:46.082688,,,,,,,,,,,,,,,,,,,,,,,,,,,,,
0.03761756792664528,0.0036218571476638317,0.03399571031332016,0.03399571031332016,0.0,0.0,0.0,0.365406334400177,0.0,-1.2287086248397827,0.02355683594942093,0.0,1.2255918979644775,1.2363471984863281,8,2024-08-14 23:13:56.761934,,,,,,,,,,,,,,,,,,,,,,,,,,,,,
0.03418634086847305,0.0033535819966346025,0.03083275817334652,0.03083275817334652,0.0,0.0,0.0,0.26759129762649536,0.0,-1.2523326873779297,0.02228987030684948,0.0,1.2469700574874878,1.2604749202728271,8,2024-08-14 23:16:07.850949,,,,,,,,,,,,,,,,,,,,,,,,,,,,,
0.041603974997997284,0.003377051092684269,0.03822692483663559,0.03822692483663559,0.0,0.0,0.0,0.37800467014312744,0.0,-1.229008674621582,0.02755746804177761,0.0,1.2368990182876587,1.2445560693740845,8,2024-08-14 23:18:18.603611,,,,,,,,,,,,,,,,,,,,,,,,,,,,,
0.03610503301024437,0.0037874416448175907,0.03231758996844292,0.03231758996844292,0.0,0.0,0.0,0.24238288402557373,0.0,-1.239036202430725,0.023063257336616516,0.0,1.2302087545394897,1.2350945472717285,8,2024-08-14 23:20:29.565949,,,,,,,,,,,,,,,,,,,,,,,,,,,,,
0.03862409293651581,0.0036029848270118237,0.0350211076438427,0.0350211076438427,0.0,0.0,0.0,0.34300437569618225,0.0,-1.2344802618026733,0.024772843345999718,0.0,1.2348347902297974,1.241950273513794,8,2024-08-14 23:22:40.736699,,,,,,,,,,,,,,,,,,,,,,,,,,,,,
0.03544653579592705,0.0036656891461461782,0.031780846416950226,0.031780846416950226,0.0,0.0,0.0,0.24956421554088593,0.0,-1.2287533283233643,0.022959036752581596,0.0,1.2321460247039795,1.2433675527572632,8,2024-08-14 23:24:51.699367,,,,,,,,,,,,,,,,,,,,,,,,,,,,,
0.037893787026405334,0.0038480584044009447,0.03404572978615761,0.03404572978615761,0.0,0.0,0.0,0.2613990306854248,0.0,-1.230953335762024,0.026177898049354553,0.0,1.223576545715332,1.2320843935012817,8,2024-08-14 23:27:02.719999,,,,,,,,,,,,,,,,,,,,,,,,,,,,,
0.04100704565644264,0.0037110806442797184,0.03729596361517906,0.03729596361517906,0.0,0.0,0.0,0.2556115686893463,0.0,-1.1972432136535645,0.026288866996765137,0.0,1.20509934425354,1.211858868598938,8,2024-08-14 23:29:14.315627,,,,,,,,,,,,,,,,,,,,,,,,,,,,,
0.03888567537069321,0.0037965872325003147,0.03508908674120903,0.03508908674120903,0.0,0.0,0.0,0.40452155470848083,0.0,-1.2570513486862183,0.024555286392569542,0.0,1.2422689199447632,1.2463642358779907,8,2024-08-14 23:31:27.849898,,,,,,,,,,,,,,,,,,,,,,,,,,,,,
0.0370858758687973,0.0034349632915109396,0.03365091234445572,0.03365091234445572,0.0,0.0,0.0,0.31756579875946045,0.0,-1.2600680589675903,0.025169651955366135,0.0,1.2573659420013428,1.2636293172836304,8,2024-08-14 23:33:38.483916,,,,,,,,,,,,,,,,,,,,,,,,,,,,,
0.03620493412017822,0.003469079965725541,0.032735854387283325,0.032735854387283325,0.0,0.0,0.0,0.40091416239738464,0.0,-1.1994386911392212,0.021969225257635117,0.0,1.2010308504104614,1.2087074518203735,8,2024-08-14 23:35:49.403470,,,,,,,,,,,,,,,,,,,,,,,,,,,,,
0.035671167075634,0.0035640362184494734,0.03210712969303131,0.03210712969303131,0.0,0.0,0.0,0.3667382597923279,0.0,-1.2456170320510864,0.022614359855651855,0.0,1.234931230545044,1.2388639450073242,8,2024-08-14 23:38:00.247954,,,,,,,,,,,,,,,,,,,,,,,,,,,,,
0.03753076493740082,0.003512300318107009,0.034018464386463165,0.034018464386463165,0.0,0.0,0.0,0.35652196407318115,0.0,-1.2360349893569946,0.025518551468849182,0.0,1.2324016094207764,1.2386925220489502,8,2024-08-14 23:40:12.531670,,,,,,,,,,,,,,,,,,,,,,,,,,,,,
0.038915589451789856,0.0037668626755476,0.03514872491359711,0.03514872491359711,0.0,0.0,0.0,0.447036474943161,0.0,-1.234890341758728,0.023534951731562614,0.0,1.227715015411377,1.2302957773208618,8,2024-08-14 23:42:23.600111,,,,,,,,,,,,,,,,,,,,,,,,,,,,,
0.03686319291591644,0.00355087174102664,0.033312320709228516,0.033312320709228516,0.0,0.0,0.0,0.31220242381095886,0.0,-1.2534362077713013,0.024554356932640076,0.0,1.251169204711914,1.2523181438446045,8,2024-08-14 23:44:34.376137,,,,,,,,,,,,,,,,,,,,,,,,,,,,,
0.037111297249794006,0.0033670139964669943,0.03374428302049637,0.03374428302049637,0.0,0.0,0.0,0.4063502848148346,0.0,-1.2678773403167725,0.02284550666809082,0.0,1.262712001800537,1.2709064483642578,8,2024-08-14 23:46:44.902431,,,,,,,,,,,,,,,,,,,,,,,,,,,,,
0.03981344774365425,0.0038076327182352543,0.036005813628435135,0.036005813628435135,0.0,0.0,0.0,0.24887387454509735,0.0,-1.2050480842590332,0.02627675049006939,0.0,1.204389214515686,1.2081103324890137,8,2024-08-14 23:48:55.665774,,,,,,,,,,,,,,,,,,,,,,,,,,,,,
0.03647826984524727,0.0036343757528811693,0.03284389525651932,0.03284389525651932,0.0,0.0,0.0,0.4179033935070038,0.0,-1.2499058246612549,0.02375624142587185,0.0,1.2385578155517578,1.2385209798812866,8,2024-08-14 23:51:06.712875,,,,,,,,,,,,,,,,,,,,,,,,,,,,,
0.036579519510269165,0.003532266244292259,0.03304725140333176,0.03304725140333176,0.0,0.0,0.0,0.4243544936180115,0.0,-1.255587100982666,0.023416895419359207,0.0,1.2528202533721924,1.2699229717254639,8,2024-08-14 23:53:17.219137,,,,,,,,,,,,,,,,,,,,,,,,,,,,,
0.038314979523420334,0.003887503407895565,0.034427475184202194,0.034427475184202194,0.0,0.0,0.0,0.3032364845275879,0.0,-1.267398476600647,0.02601626142859459,0.0,1.262508511543274,1.2622932195663452,8,2024-08-14 23:55:27.897369,,,,,,,,,,,,,,,,,,,,,,,,,,,,,
,,,,,,,,,,,,,,8,2024-08-14 23:59:21.812806,0.035225026309490204,0.039187632501125336,0.039187632501125336,0.003962600603699684,0.035225026309490204,0.0,0.0,0.0,0.0,0.0,-1.3083605766296387,0.02612791582942009,0.0,1.4065557718276978,1.3083605766296387,,,,,,,,,,,,,,
,,,,,,,,,,,,,,8,2024-08-14 23:59:22.952518,,,,,,,,,,,,,,,,0.03705662861466408,0.0035856380127370358,0.0334709994494915,0.0334709994494915,0.0,0.0,0.0,0.3214922249317169,0.0,-1.2397208213806152,0.024126561358571053,0.0,1.2340768575668335,1.2397346496582031
0.0383603535592556,0.00382756139151752,0.03453279286623001,0.03453279286623001,0.0,0.0,0.0,0.24063557386398315,0.0,-1.212790608406067,0.026236001402139664,0.0,1.2089347839355469,1.2187047004699707,9,2024-08-14 23:59:38.724648,,,,,,,,,,,,,,,,,,,,,,,,,,,,,
0.03344448283314705,0.003504494670778513,0.029939986765384674,0.029939986765384674,0.0,0.0,0.0,0.17616336047649384,0.0,-1.2356719970703125,0.022226791828870773,0.0,1.2237874269485474,1.2226860523223877,9,2024-08-15 00:01:49.448039,,,,,,,,,,,,,,,,,,,,,,,,,,,,,
0.03741678223013878,0.0037032561376690865,0.03371352702379227,0.03371352702379227,0.0,0.0,0.0,0.3583536446094513,0.0,-1.2266490459442139,0.02454519085586071,0.0,1.2215125560760498,1.22237229347229,9,2024-08-15 00:04:01.311494,,,,,,,,,,,,,,,,,,,,,,,,,,,,,
0.03536900505423546,0.0034722364507615566,0.031896770000457764,0.031896770000457764,0.0,0.0,0.0,0.3070541024208069,0.0,-1.2117825746536255,0.023130318149924278,0.0,1.205803394317627,1.2090619802474976,9,2024-08-15 00:06:11.868497,,,,,,,,,,,,,,,,,,,,,,,,,,,,,
0.035752542316913605,0.0035433389712125063,0.03220920264720917,0.03220920264720917,0.0,0.0,0.0,0.33611273765563965,0.0,-1.2504652738571167,0.024335429072380066,0.0,1.247801423072815,1.2566860914230347,9,2024-08-15 00:08:22.726100,,,,,,,,,,,,,,,,,,,,,,,,,,,,,
0.03570213168859482,0.003567337989807129,0.03213479369878769,0.03213479369878769,0.0,0.0,0.0,0.24546368420124054,0.0,-1.259069561958313,0.023960471153259277,0.0,1.2491710186004639,1.2563854455947876,9,2024-08-15 00:10:33.687072,,,,,,,,,,,,,,,,,,,,,,,,,,,,,
0.03716626390814781,0.0034083547070622444,0.03375791013240814,0.03375791013240814,0.0,0.0,0.0,0.40212610363960266,0.0,-1.243748426437378,0.0238848477602005,0.0,1.2458076477050781,1.2533482313156128,9,2024-08-15 00:12:45.002531,,,,,,,,,,,,,,,,,,,,,,,,,,,,,
0.03938205540180206,0.003949718549847603,0.03543233871459961,0.03543233871459961,0.0,0.0,0.0,0.32878923416137695,0.0,-1.211136817932129,0.027418410405516624,0.0,1.207461953163147,1.2237802743911743,9,2024-08-15 00:14:55.667839,,,,,,,,,,,,,,,,,,,,,,,,,,,,,
0.03916513919830322,0.0037824781611561775,0.03538266196846962,0.03538266196846962,0.0,0.0,0.0,0.407774955034256,0.0,-1.2374979257583618,0.02508842945098877,0.0,1.2356765270233154,1.2426917552947998,9,2024-08-15 00:17:09.540625,,,,,,,,,,,,,,,,,,,,,,,,,,,,,
0.03552700951695442,0.003543756902217865,0.03198325261473656,0.03198325261473656,0.0,0.0,0.0,0.32055434584617615,0.0,-1.2466280460357666,0.023379994556307793,0.0,1.2330200672149658,1.2333476543426514,9,2024-08-15 00:19:20.150347,,,,,,,,,,,,,,,,,,,,,,,,,,,,,
0.037207670509815216,0.003768099006265402,0.033439572900533676,0.033439572900533676,0.0,0.0,0.0,0.3305547833442688,0.0,-1.2155009508132935,0.025464292615652084,0.0,1.2202823162078857,1.2303582429885864,9,2024-08-15 00:21:31.862435,,,,,,,,,,,,,,,,,,,,,,,,,,,,,
0.034050360321998596,0.0036564539186656475,0.03039390593767166,0.03039390593767166,0.0,0.0,0.0,0.28068599104881287,0.0,-1.227773904800415,0.022411566227674484,0.0,1.222883939743042,1.2298609018325806,9,2024-08-15 00:23:42.942826,,,,,,,,,,,,,,,,,,,,,,,,,,,,,
0.03817358240485191,0.0038251737132668495,0.03434840962290764,0.03434840962290764,0.0,0.0,0.0,0.25102490186691284,0.0,-1.2375741004943848,0.026902906596660614,0.0,1.2363793849945068,1.2424973249435425,9,2024-08-15 00:25:54.172278,,,,,,,,,,,,,,,,,,,,,,,,,,,,,
0.033095598220825195,0.0035086285788565874,0.029586970806121826,0.029586970806121826,0.0,0.0,0.0,0.2850040793418884,0.0,-1.2424043416976929,0.021895911544561386,0.0,1.2335965633392334,1.238512396812439,9,2024-08-15 00:28:05.367413,,,,,,,,,,,,,,,,,,,,,,,,,,,,,
0.03437631577253342,0.0035714812111109495,0.030804835259914398,0.030804835259914398,0.0,0.0,0.0,0.21273677051067352,0.0,-1.266579508781433,0.0230681374669075,0.0,1.2572191953659058,1.2688512802124023,9,2024-08-15 00:30:16.477698,,,,,,,,,,,,,,,,,,,,,,,,,,,,,
0.036784153431653976,0.0037885974161326885,0.03299555554986,0.03299555554986,0.0,0.0,0.0,0.2754223644733429,0.0,-1.2171167135238647,0.025109224021434784,0.0,1.2125964164733887,1.2206289768218994,9,2024-08-15 00:32:27.320858,,,,,,,,,,,,,,,,,,,,,,,,,,,,,
0.03510766103863716,0.0037076196167618036,0.03140003979206085,0.03140003979206085,0.0,0.0,0.0,0.3418157994747162,0.0,-1.2706276178359985,0.023888109251856804,0.0,1.2590709924697876,1.264554738998413,9,2024-08-15 00:34:39.107995,,,,,,,,,,,,,,,,,,,,,,,,,,,,,
